# HITTRC01_INDEX	v1
# trace_path	.\code-analytics\plant-trace-2025-11-09-21-37-07-259.txt
# trace_bytes	553285167
# stride_bytes	10485760
# file_header_bytes	17
# file_start_millis	1762724227303
# file_start_utc	2025-11-09T21:37:07.303Z
# endian	0
frame_seq	offset	t_ns
0	17	1193336219810900
7208	10486237	1193338714976300
14415	20972422	1193340126402500
21622	31458607	1193341516753700
28828	41943337	1193342357643300
36035	52429522	1193343275218300
43242	62915707	1193345208764400
50448	73400437	1193346487008600
57655	83886622	1193347931169600
64862	94372807	1193350304970700
72069	104858992	1193351204338000
79275	115343722	1193352076394000
86482	125829907	1193352938350400
93689	136316092	1193354155587800
100895	146800822	1193355103903700
108102	157287007	1193356253011300
115309	167773192	1193357111162900
122516	178259377	1193358029176000
129722	188744107	1193359381042400
136929	199230292	1193360756234500
144136	209716477	1193361795844000
151342	220201207	1193362701102600
158549	230687392	1193363861690600
165756	241173577	1193365224193800
172962	251658307	1193366129046400
180169	262144492	1193367055079400
187376	272630677	1193367965831400
194583	283116862	1193369211166500
201789	293601592	1193370557938400
208996	304087777	1193371438205300
216203	314573962	1193372357490900
223409	325058692	1193373250303300
230616	335544877	1193374457202500
237823	346031062	1193375408791800
245030	356517247	1193376321802000
252236	367001977	1193377131211500
259443	377488162	1193378001882300
266650	387974347	1193379099183700
273856	398459077	1193380336402700
281063	408945262	1193381316137800
288270	419431447	1193382188546700
295476	429916177	1193383185052000
302683	440402362	1193384608566200
309890	450888547	1193385828509800
317097	461374732	1193387170332900
324303	471859462	1193387978535500
331510	482345647	1193388945989000
338717	492831832	1193389970118100
345923	503316562	1193390867694900
353130	513802747	1193391833980300
360337	524288932	1193392760402600
367544	534775117	1193394053125600
374750	545259847	1193395249312400
380265	553284172	1193396107768400
